[
    {
        "make": "Nike",
        "model": "Air Jordan 4 Retro",
        "colorway": "Fear",
        "price": 240,
        "newRelease": true,
        "picture": "https:\/\/image.goat.com\/transform\/v1\/attachments\/product_template_pictures\/images\/105\/217\/381\/original\/1373134_00.png.png?action=crop&width=300"
    },
    {
        "make": "Nike",
        "model": "Wmns Air Jordan 11 Retro",
        "colorway": "Bred Velvet",
        "price": 246,
        "newRelease": true,
        "picture": "https:\/\/image.goat.com\/transform\/v1\/attachments\/product_template_pictures\/images\/105\/392\/726\/original\/1395042_00.png.png?action=crop&width=300"
    },
    {
        "make": "Nike",
        "model": "Dunk High Retro Premium",
        "colorway": "Wu-Tan",
        "price": 197,
        "newRelease": true,
        "picture": "https:\/\/image.goat.com\/transform\/v1\/attachments\/product_template_pictures\/images\/105\/391\/533\/original\/1445010_00.png.png?action=crop&width=300"
    },
    {
        "make": "Nike",
        "model": "Air Jordan 9 Retro",
        "colorway": "Olive",
        "price": 210,
        "newRelease": true,
        "picture": "https:\/\/image.goat.com\/transform\/v1\/attachments\/product_template_pictures\/images\/104\/860\/451\/original\/1373118_00.png.png?action=crop&width=300"
    },
    {
        "make": "Nike",
        "model": "Dunk Low",
        "colorway": "Berlin",
        "price": 130,
        "newRelease": true,
        "picture": "https:\/\/image.goat.com\/transform\/v1\/attachments\/product_template_pictures\/images\/102\/266\/252\/original\/FZ3053_001.png.png?action=crop&width=300"
    },
    {
        "make": "Nike",
        "model": "Air Jordan 4 Retro",
        "colorway": "White Thunder",
        "price": 251,
        "newRelease": true,
        "picture": "https:\/\/image.goat.com\/transform\/v1\/attachments\/product_template_pictures\/images\/102\/744\/314\/original\/1333222_00.png.png?action=crop&width=300"
    },
    {
        "make": "Nike",
        "model": "Air Jordan 1 Retro High OG",
        "colorway": "Midnight Navy",
        "price": 180,
        "newRelease": true,
        "picture": "https:\/\/image.goat.com\/transform\/v1\/attachments\/product_template_pictures\/images\/102\/499\/092\/original\/1334510_00.png.png?action=crop&width=300"
    },
    {
        "make": "Nike",
        "model": "Travis Scott x Air Jordan 1 Retro Low OG SP",
        "colorway": "Reverse Olive",
        "price": 418,
        "newRelease": true,
        "picture": "https:\/\/image.goat.com\/transform\/v1\/attachments\/product_template_pictures\/images\/104\/376\/353\/original\/1382370_00.png.png?action=crop&width=300"
    },
    {
        "make": "Nike",
        "model": "Air Jordan 14 Retro",
        "colorway": "Black Toe",
        "price": 252,
        "newRelease": true,
        "picture": "https:\/\/image.goat.com\/transform\/v1\/attachments\/product_template_pictures\/images\/105\/192\/560\/original\/1394965_00.png.png?action=crop&width=300"
    },
    {
        "make": "Nike",
        "model": "Wmns Air Jordan 4 Retro",
        "colorway": "Orchid",
        "price": 259,
        "newRelease": true,
        "picture": "https:\/\/image.goat.com\/transform\/v1\/attachments\/product_template_pictures\/images\/104\/352\/216\/original\/1394973_00.png.png?action=crop&width=300"
    },
    {
        "make": "Nike",
        "model": "Air Jordan 3 Retro",
        "colorway": "Cement Grey",
        "price": 200,
        "newRelease": true,
        "picture": "https:\/\/image.goat.com\/transform\/v1\/attachments\/product_template_pictures\/images\/103\/217\/212\/original\/1335391_00.png.png?action=crop&width=300"
    },
    {
        "make": "Nike",
        "model": "Air Jordan 1 Retro Low OG",
        "colorway": "Mocha",
        "price": 140,
        "newRelease": true,
        "picture": "https:\/\/image.goat.com\/transform\/v1\/attachments\/product_template_pictures\/images\/103\/845\/118\/original\/1308778_00.png.png?action=crop&width=300"
    },
    {
        "make": "Nike",
        "model": "Air Jordan 11 Retro Low",
        "colorway": "Diffused Blue",
        "price": 138,
        "newRelease": true,
        "picture": "https:\/\/image.goat.com\/transform\/v1\/attachments\/product_template_pictures\/images\/103\/218\/480\/original\/1260930_00.png.png?action=crop&width=300"
    },
    {
        "make": "Nike",
        "model": "A Ma Maniere x Wmns Air Jordan 4 Retro",
        "colorway": "While You Were Sleeping",
        "price": 205,
        "newRelease": true,
        "picture": "https:\/\/image.goat.com\/transform\/v1\/attachments\/product_template_pictures\/images\/104\/352\/182\/original\/1382366_00.png.png?action=crop&width=300"
    },
    {
        "make": "Nike",
        "model": "Air Jordan 12 Retro",
        "colorway": "Barons",
        "price": 193,
        "newRelease": true,
        "picture": "https:\/\/image.goat.com\/transform\/v1\/attachments\/product_template_pictures\/images\/103\/846\/310\/original\/1335394_00.png.png?action=crop&width=300"
    },
    {
        "make": "Nike",
        "model": "Dunk Low",
        "colorway": "Grey Fog",
        "price": 83,
        "newRelease": false,
        "picture": "https:\/\/image.goat.com\/transform\/v1\/attachments\/product_template_pictures\/images\/102\/529\/153\/original\/815560_00.png.png?action=crop&width=300"
    },
    {
        "make": "New Balance",
        "model": "9060",
        "colorway": "Fuchsia Pink",
        "price": 162,
        "newRelease": true,
        "picture": "https:\/\/image.goat.com\/transform\/v1\/attachments\/product_template_pictures\/images\/103\/411\/697\/original\/1454774_00.png.png?action=crop&width=300"
    },
    {
        "make": "Nike",
        "model": "Air Jordan 4 Retro",
        "colorway": "Oxidized Green",
        "price": 138,
        "newRelease": true,
        "picture": "https:\/\/image.goat.com\/transform\/v1\/attachments\/product_template_pictures\/images\/101\/079\/912\/original\/1308085_00.png.png?action=crop&width=300"
    },
    {
        "make": "Nike",
        "model": "Zoom Kobe 5 Protro",
        "colorway": "X-Ray",
        "price": 172,
        "newRelease": true,
        "picture": "https:\/\/image.goat.com\/transform\/v1\/attachments\/product_template_pictures\/images\/104\/567\/705\/original\/1381863_00.png.png?action=crop&width=300"
    },
    {
        "make": "Rick Owens",
        "model": "Wmns Lunar Mega Tractor Boot",
        "colorway": "Pearl",
        "price": 4080,
        "newRelease": true,
        "picture": "https:\/\/image.goat.com\/transform\/v1\/attachments\/product_template_pictures\/images\/103\/810\/890\/original\/RP02D3862_LGF_89.png.png?action=crop&width=300"
    },
    {
        "make": "Adidas",
        "model": "Yeezy 350 Boost V2",
        "colorway": "Carbon Beluga",
        "price": 147,
        "newRelease": true,
        "picture": "https:\/\/image.goat.com\/transform\/v1\/attachments\/product_template_additional_pictures\/images\/089\/100\/261\/original\/1072889_01.jpg.jpeg?action=crop&width=700"
    }
]